label,id
anaphora resolution,id2
generative adversarial networks,id3
neural machine translation,id4
nmt,id4
variational autoencoders,id5
ibm translation models,id6
bleu,id7
rouge,id8
scientific article summarization,id9
open information extraction,id10
sentence simplification,id11
attention models,id12
knowledge graph,id13
semantic role labeling,id14
abstract meaning representation,id15
coreference and coreference resolution,id16
machine reading comprehension,id17
context free grammar,id18
cfg,id18
context sensitive grammar,id19
csg,id19
domain adaptation,id20
transfer learning,id21
capsule networks,id22
reinforcement learning,id23
q learning,id24
q-learning,id24
dqn,id25
backpropagation,id26
word embedding,id27
logistic regression,id28
semantic parsing,id29
stemming,id30
sentiment analysis,id31
penn treebank,id32
dependency parsing,id33
tree adjoining grammar,id34
combinatory categorial grammar,id35
ccg,id35
relation extraction,id36
event detection,id37
language modeling,id38
named entity recognition,id39
word segmentation,id40
sentence boundary recognition,id41
optical character recognition,id42
automated essay scoring,id43
latent dirichlet allocation,id44
latent semantic indexing,id45
language identification,id46
bayes theorem,id47
hidden markov models,id48
hmm,id48
conditional random fields,id49
deep belief networks,id50
word sense disambiguation,id51
part of speech tagging,id52
pos tagging,id52
question answering,id53
automatic summarization,id54
supertagging,id55
recursive neural network,id56
rnn,id56
multi-document summarization,id57
variational bayes,id58
discourse model,id59
morphological disambiguation,id60
weakly-supervised learning,id61
one-shot learning,id62
neural turing machine,id63
bootstrapping,id64
distributional semantics,id65
shallow parsing,id66
a* search,id67
transliteration,id68
lexicography,id69
chat bots,id70
dialog systems,id71
multi-task learning,id72
multilingual word,id73
evaluation metrics,id74
linear regression,id75
convex optimization,id76
newton method,id77
dual problems,id78
random forest,id79
radial basis function network,id80
kernel function,id81
boltzmann machine,id82
expectation-maximization (em) algorithm,id83
dimensionality reduction,id84
first-order logic,id85
natural language generation,id86
nlg,id86
noisy channel model,id87
perceptrons algorithm,id88
perceptron,id88
perceptrons,id88
svm,id89
decision trees,id90
clustering,id91
k-nn,id92
random walks,id93
harmonic functions,id94
pagerank,id95
topic modeling,id96
word2vec,id97
cnn's,id98
cnn,id98
knowledge representation,id99
markov decision processes,id100
autonomous cars,id101
phonetics,id102
speech recognition,id103
crowdsourcing,id104
matrix factorization,id105
spectral methods,id106
genetic algorithms,id107
ensemble learning,id108
expert systems,id109
bayesian network,id110
text mining,id111
bagging,id112
maximum likelihood estimation,id113
mle,id113
graphical models,id114
markov chain monte carlo,id115
k means,id116
k-means,id116
earley parsing,id117
propositional logic,id118
gradient descent,id119
search engine indexing,id120
tokenization,id121
finite-state machines,id122
fsm,id122
textual entailment,id123
constraint satisfaction,id124
beam search,id125
recommendation system,id126
matrix multiplication,id127
differential calculus,id128
facial recognition systems,id129
backpropagation through time,id130
grammar checker,id131
shift-reduce parsing,id132
speech synthesis,id133
caption generation,id134
linear programming,id135
inference,id136
long short-term memory networks,id137
lstm networks,id137
wordnet,id138
natural language interfaces,id139
probabilistic context-free grammars,id140
pcfg,id140
paraphrasing,id141
spectral clustering,id142
particle filter,id143
prosody,id144
dynamic programming,id145
language acquisition,id146
spelling correction,id147
log-linear models,id148
gated recurrent units,id149
gibbs sampling,id150
statistical machine translation,id151
compositional semantics,id152
edit distance,id153
chomsky hierarchy,id154
conditional probability,id155
linear discriminant analysis,id156
regular expressions,id157
artificial neural network,id158
bag of words model,id159
bias-variance tradeoff,id160
computer vision,id161
image retrieval,id162
imagenet,id163
object detection,id164
n-gram,id165
singular-value decomposition,id166
svm,id166
t-sne,id167
loss function,id168
monte carlo tree search,id169
structured prediction,id170
feature learning,id171
normalization,id172
regularization,id173
data preprocessing,id174
robotic locomotion,id175
human-robot interaction,id176
network theory,id177
entropy,id178
cross entropy,id179
activation functions,id180
kullback-leibler divergence,id181
bidirectional recurrent neural networks,id182
query expansion,id183
bio text mining,id184
collaborative filtering,id185
character level language models,id186
hierarchical models,id187
smoothing and backoff,id188
policy gradient methods,id189
crawling the web,id190
citation networks,id191
greedy algorithms,id192
pointer networks,id193
document representation,id194
seq2seq,id195
game playing in ai,id196
graph convolutional networks,id197
gcn,id197
lambda calculus,id198
highway networks,id199
stack lstm,id200
multi-modal learning,id201
linear algebra,id202
probability,id203
descriptive statistics and hypothesis testing,id204
information theory,id205
data structures and algorithms,id206
graph theory,id207
relational databases,id208
dual decomposition,id209